{
  "dataset_source": "feature_selected_top_10.csv",
  "model_performance": {
    "Logistic Regression": {
      "accuracy": 0.8688524590163934,
      "precision": 0.8571428571428571,
      "recall": 0.8571428571428571,
      "f1_score": 0.8571428571428571,
      "roc_auc": 0.9437229437229437,
      "confusion_matrix": [
        [
          29,
          4
        ],
        [
          4,
          24
        ]
      ]
    },
    "Decision Tree": {
      "accuracy": 0.8032786885245902,
      "precision": 0.75,
      "recall": 0.8571428571428571,
      "f1_score": 0.8,
      "roc_auc": 0.8073593073593074,
      "confusion_matrix": [
        [
          25,
          8
        ],
        [
          4,
          24
        ]
      ]
    },
    "Random Forest": {
      "accuracy": 0.9016393442622951,
      "precision": 0.8666666666666667,
      "recall": 0.9285714285714286,
      "f1_score": 0.896551724137931,
      "roc_auc": 0.9431818181818181,
      "confusion_matrix": [
        [
          29,
          4
        ],
        [
          2,
          26
        ]
      ]
    },
    "SVM": {
      "accuracy": 0.8524590163934426,
      "precision": 0.8518518518518519,
      "recall": 0.8214285714285714,
      "f1_score": 0.8363636363636363,
      "roc_auc": 0.922077922077922,
      "confusion_matrix": [
        [
          29,
          4
        ],
        [
          5,
          23
        ]
      ]
    }
  },
  "best_model": "Random Forest",
  "best_model_metrics": {
    "accuracy": 0.9016393442622951,
    "f1_score": 0.896551724137931,
    "roc_auc": 0.9431818181818181
  }
}