Model,CV_Accuracy,CV_Std,Test_Accuracy,Precision,Recall,F1_Score,ROC_AUC
Random Forest,0.7106292517006803,0.0354292970185999,0.9016393442622951,0.8666666666666667,0.9285714285714286,0.896551724137931,0.9431818181818181
Logistic Regression,0.7642857142857143,0.0506224559500608,0.8688524590163934,0.8571428571428571,0.8571428571428571,0.8571428571428571,0.9437229437229437
SVM,0.7228741496598639,0.07211836912439622,0.8524590163934426,0.8518518518518519,0.8214285714285714,0.8363636363636363,0.922077922077922
Decision Tree,0.6528061224489796,0.09395993008838832,0.8032786885245902,0.75,0.8571428571428571,0.8,0.8073593073593074
