{
  "n_components": 20,
  "explained_variance_ratio": [
    0.16780623389551738,
    0.08476875539047939,
    0.07514196219474661,
    0.07224268598703179,
    0.0659315362044474,
    0.060861082528350756,
    0.057584686721074,
    0.05510273500118878,
    0.050598176697127045,
    0.04410891000092395,
    0.04109819974678625,
    0.03871004975049438,
    0.03838977970518963,
    0.035371675869496806,
    0.02836138078684882,
    0.025043298671576997,
    0.020554678592699105,
    0.01876427288704328,
    0.014233594777603574,
    0.0053263045913739876
  ],
  "explained_variance": [
    3.3672376735325678,
    1.7009889326698844,
    1.5078155327820018,
    1.4496380035808367,
    1.322997050989905,
    1.2212521858337935,
    1.1555072898334717,
    1.1057038877721987,
    1.0153144065714899,
    0.8850993198860899,
    0.8246857300182937,
    0.7767645744635627,
    0.7703379636206926,
    0.7097760124806314,
    0.5691058528751783,
    0.5025244700323067,
    0.41245480884687613,
    0.3765281248194778,
    0.28561451772277374,
    0.10687882723088202
  ],
  "components": [
    [
      0.24987222123204395,
      0.13895710864462935,
      0.08032576280628158,
      -0.3709756581892853,
      0.35139215575848143,
      0.10459859934294356,
      -0.252890426982778,
      -0.22159606409212648,
      0.39172479649630026,
      0.04139047103604744,
      0.08267413336930984,
      0.12854340532348965,
      0.3428254448605681,
      0.2830738290333468,
      0.08388627992201918,
      0.0842440351416659,
      0.1633284087033437,
      0.1425692995301131,
      0.10315134842750255,
      0.28062003622930387
    ],
    [
      0.36291850987140234,
      0.40741923238683564,
      0.2744096263417035,
      0.007928219058758021,
      0.14448921907652118,
      -0.33016347917919614,
      -0.10475101629264288,
      0.3062566290120089,
      -0.23953758932138355,
      0.290987857813297,
      0.14735183115704903,
      0.16307546049049607,
      -0.2098532542770031,
      -0.0728341580016977,
      0.20950916418998258,
      -0.15256242414918736,
      0.0975087143115528,
      0.18881942760706538,
      0.05953537327067606,
      -0.19159629059785932
    ],
    [
      -0.20651394946637422,
      0.134006325760187,
      -0.2085373745243909,
      0.2148108174427858,
      0.20396761421905807,
      0.2629590251560753,
      0.16585340347544122,
      -0.28342507388507665,
      0.0736958358886392,
      0.1712809644231691,
      -0.04809859944457534,
      -0.019568321659980077,
      -0.008847504849877496,
      -0.3448571408114909,
      0.49136747415404364,
      -0.3836548361785857,
      0.22912664002871067,
      0.01824223466581005,
      0.17585440091211707,
      0.04812950203799862
    ],
    [
      -0.11178028567153778,
      -0.08853108501508897,
      -0.3602125699306775,
      -0.12526392321659127,
      0.19471575277525865,
      0.30454517085319993,
      -0.3032441291780963,
      0.4730445118387842,
      -0.20906715434046247,
      0.09780234468561101,
      0.13390751834814735,
      -0.16584518586654506,
      0.005868726632872536,
      -0.003342778293107949,
      0.28397734886148135,
      0.20468166444356595,
      -0.36140005911855266,
      0.10984653262803966,
      0.11911211510425207,
      0.09836490445764126
    ],
    [
      -0.026647249352619203,
      -0.13591005058649602,
      -0.15571715634259253,
      -0.18471721670110178,
      0.08288739546929641,
      -0.2748679106789664,
      0.12215655438973708,
      -0.15168428663870473,
      0.07400437942844793,
      -0.27178892149848105,
      0.5051262564129778,
      -0.27888558933827334,
      -0.03788143015898805,
      0.13972104148558914,
      0.04587449049413652,
      -0.13680098476097285,
      -0.039381489775450626,
      0.0260609765659051,
      0.41686958312611494,
      -0.4147712805092196
    ],
    [
      0.16724077945041818,
      0.06668290032384144,
      -0.21626044263272495,
      -0.11428076570224553,
      -0.2170383768483351,
      0.2265577093042411,
      0.13595890935966826,
      -0.05993787933206438,
      -0.09053960638358255,
      0.362680978345827,
      -0.24911897021383084,
      0.23183666290039964,
      -0.011547752035499573,
      0.10103945126170281,
      -0.1730091274326874,
      0.2572685340963155,
      0.09510584757437847,
      -0.16044836786023084,
      0.5664105720435104,
      -0.2638732380816098
    ],
    [
      -0.1113807106847938,
      -0.12584057679568592,
      -0.2240845589191979,
      0.060260040110869356,
      0.03140323426014213,
      -0.10937726084554908,
      -0.45126678046077184,
      0.28638303103144686,
      0.06784883133004478,
      0.11533579593768384,
      -0.14335064053336707,
      -0.19852496183587998,
      -0.017601221944921423,
      0.19226547626987317,
      -0.23281343199796842,
      -0.3717173396204924,
      0.5101832599729018,
      -0.22314283631545645,
      0.021730772349672516,
      -0.035154666420029596
    ],
    [
      -0.11917901779139954,
      -0.06947595323528892,
      -0.004619743442556941,
      -0.00022997843550506212,
      -0.042986974832077286,
      0.20860997615249713,
      0.07520571992499622,
      -0.007720338337231638,
      -0.03964578443157184,
      0.02499597783820451,
      -0.09647897404165022,
      0.12887191607947887,
      -0.18080537332917931,
      0.2703669668368866,
      -0.30051438077121095,
      -0.41446144530822737,
      -0.14247069551266955,
      0.7082033753489156,
      0.09761869740014885,
      0.04998409565241015
    ],
    [
      -0.27871597886049815,
      -0.17407429726020815,
      0.13198618077970478,
      0.08453968848558178,
      -0.009522848298715424,
      -0.13586800283294007,
      -0.3770753977399589,
      0.05828064306767466,
      0.2468508580396869,
      -0.1953647311018714,
      -0.18354923517401683,
      0.5752364056444057,
      0.10408326395499141,
      -0.10227225905977755,
      0.19216531640296675,
      -0.05304543241227404,
      -0.21143289475540303,
      -0.01448255214783234,
      0.14397766212180801,
      -0.3360766685314358
    ],
    [
      -0.08515095305027297,
      0.0329445257604399,
      0.11703524865411666,
      0.0907967363268326,
      -0.40331577740601227,
      -0.03708731394731873,
      -0.2528878806869739,
      -0.07872273386996255,
      0.34210481169385776,
      0.48567815685465643,
      0.267127183022951,
      -0.26868780837737605,
      0.2137228920965794,
      -0.3256209386975994,
      -0.15268196878073192,
      0.033196359177858445,
      -0.1531278428510261,
      0.1915177776692784,
      0.027686980412135787,
      -0.04528776306169828
    ],
    [
      -0.38238310143151544,
      0.5326152608810133,
      0.11056430681310783,
      0.304406143893468,
      0.05179241239652254,
      0.11081551791448471,
      0.001097205667540778,
      0.03763062369387206,
      -0.10387999176303148,
      -0.029662634600074293,
      0.32143766825430226,
      0.12888048906752722,
      0.16872974767764343,
      0.29775841702595085,
      -0.2143225484999506,
      -0.07204294196892166,
      -0.15892267491480627,
      -0.290324430889357,
      0.14786321743597197,
      0.13255615843689914
    ],
    [
      -0.28924897704925984,
      -0.40582671304538576,
      0.24867485516947288,
      -0.09849269178035494,
      0.1711483702559115,
      -0.20818427906785203,
      0.2902988244431095,
      0.02172891649740591,
      -0.18971195034393307,
      0.5118011292202435,
      -0.021040657659947396,
      0.012842508545700761,
      0.3001423103861222,
      0.2991464904293678,
      0.16628148175563573,
      -0.05462725927615112,
      -0.04143647479153211,
      -0.0745722323845396,
      -0.07884581746517141,
      -0.02192448416585701
    ],
    [
      0.04654909606088087,
      -0.4070119390292134,
      0.4801692666331248,
      0.20749583237169453,
      0.0719701652184682,
      0.39677109390957954,
      -0.047261820150756764,
